[{"result":{"optinproperties":[],"optoutplugins":[],"optoutproperties":[],"domainGroupId":"0640c8d8-f4f9-4f20-910e-139382d80dab","id":"ce839f47-2a44-4a42-bf19-0a112c059fee","optinplugins":[],"permissionlevel":"PERSONAL"},"profileId":"ce839f47-2a44-4a42-bf19-0a112c059fee","id":"1554199683036","error":""},{"result":{},"profileId":"ce839f47-2a44-4a42-bf19-0a112c059fee","id":"1554199683038","error":""},{"result":{},"profileId":"ce839f47-2a44-4a42-bf19-0a112c059fee","id":"1554199683040","error":""},{"result":{"ipaddress":"85.144.29.241","consentedobjectives":[],"libraryversion":"6b7da9fd84ce0fcd93de7272fe273f90","staticurls":{"engagement_score":"https://plugins.blueconic.net/engagement_score/6.2.19/","image":"https://plugins.blueconic.net/image/1.0.2/","listenerinteractiontype":"https://plugins.blueconic.net/listenerinteractiontype/1.1.6/","string":"https://plugins.blueconic.net/string/1.0.1/","enrichprofilebyvisitorbehavior":"https://plugins.blueconic.net/enrichProfileByVisitorBehavior/5.2.12/","textarea":"https://plugins.blueconic.net/textarea/1.0.0/","pon_re_optin_optout_responsive_2017":"https://pon.blueconic.net/plugins/pon_re_optin_optout_responsive_2017/ts_e1af7a344492488a52a37e73b4f84e86/","enrichprofilewithvisitorinput":"https://plugins.blueconic.net/enrichProfileWithVisitorInput/4.3.20/","engagement_interest_ranking":"https://plugins.blueconic.net/engagement_interest_ranking/6.2.21/"},"eventtypes":["inactivity","gdprOpenPrivacySettings","exitintent"],"refusedobjectives":[],"interactions":[{"id":"listenerinteractiontype","name":"","parameters":[],"defaultLocale":"nl_NL","interactionType":{"myId":"listenerinteractiontype","myType":"GLOBALLISTENER","myPositionType":""},"dialogueName":"","executed":true,"alternativePositions":[],"myIsOverlay":false,"myInteractionTypeId":"listenerinteractiontype","myPluginType":"GLOBALLISTENER","isLocalEditMode":false,"myRelatedItems":{}},{"id":"2f2f76b0-7e06-4a14-bd82-305b034b2641","name":"","parameters":[{"locale":"nl_NL","parameter":[{"id":"timing_seconds","value":[]},{"id":"selector_level0_yes_cookies_label","value":["Voor analyse en een redelijk werkende website."]},{"id":"footer_position","value":["dont"]},{"id":"notification_position","value":[""]},{"id":"general_cancel","value":[]},{"id":"selector_level1_no_cookies_label","value":[""]},{"id":"styling_theme","value":[""]},{"id":"selector_recommended_level_level","value":[]},{"id":"selector_level2_title_label","value":["Optimaal"]},{"id":"notification_timing","value":[""]},{"id":"general_preview","value":[]},{"id":"selector_privacy_policy_before_label","value":["Lees meer over hoe wij ervoor zorgen dat uw privacy gewaarborgd is op onze "]},{"id":"selector","value":[]},{"id":"styling_css","value":["//pon.blueconic.net/plugins/pon_optin_optout_responsive/static/styling/volkswagen/blueconic.css"]},{"id":"selector_level2_yes_cookies_label","value":["Voor analyse, social media, het verbeteren van de website en  en persoonlijke advertenties, en waar mogelijk het koppelen van cookies aan bij ons bekende klantgegevens en het delen van deze gegevens met derden."]},{"id":"position_bottom_left","value":[]},{"id":"selector_level2_more_label","value":["Lees meer..."]},{"id":"selector_intro_label","value":[""]},{"id":"selector_yes_cookies_label","value":["Deze website gebruikt wel cookies die:"]},{"id":"notification_duplicate","value":[]},{"id":"selector_level1_description_label","value":["Gebruik van anonieme statistische informatie toestaan. Deze informatie wordt gebruikt om uw ervaring op deze website te optimaliseren."]},{"id":"notification","value":[]},{"id":"notification_type_alternative","value":[]},{"id":"general_saved","value":["true"]},{"id":"selector_level1_more_label","value":["Lees meer..."]},{"id":"selector_level1_yes_cookies_label","value":["Voor analyse, social media en het verbeteren van de website."]},{"id":"general_edit","value":[]},{"id":"styling","value":[]},{"id":"position_top","value":[]},{"id":"selector_level0_more_link","value":[""]},{"id":"selector_intro_text_label","value":[""]},{"id":"notification_type_regular","value":[]},{"id":"general_ok","value":[]},{"id":"theme_light","value":[]},{"id":"position_selector","value":[]},{"id":"selector_recommended_level","value":["PERSONAL"]},{"id":"notification_intro_label","value":["Volkswagen.nl gebruikt cookies bijvoorbeeld om de website te verbeteren en te analyseren, voor social media en om ervoor te zorgen dat je relevante advertenties te zien krijgt. Als je meer wilt weten over deze cookies, ga dan naar www.volkswagen.nl/cookies. Bij akkoord geef je Volkswagen toestemming voor het gebruik van noodzakelijk, functionele en optimale cookies op onze website. Klik op \u0027instellingen aanpassen\u0027 om je voorkeuren te wijzigen. \n\n\nAls je meer wilt weten over hoe wij omgaan met uw persoonsgegevens, raadpleeg ons privacy statement op www.volkswagen.nl/privacy-statement. "]},{"id":"footer_permission_label","value":["cookie instellingen"]},{"id":"notification_later","value":[""]},{"id":"notification_select","value":[]},{"id":"selector_later_label","value":["Later"]},{"id":"selector_level1_more_link","value":[""]},{"id":"selector_level2_description_label","value":["Toestaan van het delen via social media en van de opslag van persoonlijke gegevens en voorkeuren, om u van relevante content te voorzien. Deze informatie zal niet worden gedeeld met derden."]},{"id":"selector_level0_no_cookies_label","value":[""]},{"id":"styling_css_inline","value":[""]},{"id":"timing_hide","value":[]},{"id":"notification_set_label","value":["Instellingen aanpassen"]},{"id":"position_bottom","value":[]},{"id":"footer_here_label","value":["hier."]},{"id":"selector_level2_more_link","value":[""]},{"id":"selector_no_cookies_label","value":["Deze website gebruikt geen cookies die:"]},{"id":"notification_level0","value":[""]},{"id":"selector_privacy_policy_link","value":[""]},{"id":"selector_ok_label","value":["Cookie instellingen opslaan"]},{"id":"position_bottom_center","value":[]},{"id":"selector_level2_no_cookies_label","value":[""]},{"id":"notification_type","value":["regular"]},{"id":"timing_click","value":[]},{"id":"selector_level0_title_label","value":["Noodzakelijk"]},{"id":"footer","value":[]},{"id":"notification_intro_title_label","value":["Cookie melding"]},{"id":"selector_level1_title_label","value":["Functioneel"]},{"id":"selector_level0_description_label","value":["Gebruik van cookies niet toestaan. Dit geeft U alleen de mogelijkheid om standaard statische content te bekijken."]},{"id":"footer_change_label","value":["Verander uw"]},{"id":"selector_privacy_policy_after_label","value":[" pagina."]},{"id":"position_bottom_right","value":[]},{"id":"theme_dark","value":[]},{"id":"notification_level2_label","value":["Akkoord"]},{"id":"selector_level0_more_label","value":["Lees meer..."]},{"id":"position_dont","value":[]},{"id":"selector_settings_label","value":["Mijn cookie instellingen"]},{"id":"selector_privacy_policy_label","value":["privacy policy"]},{"id":"notification_level1","value":[""]}]}],"defaultLocale":"nl_NL","interactionType":{"myId":"pon_re_optin_optout_responsive_2017","myType":"ACTION","myPositionType":""},"dialogueId":"9f9cd097-2921-4b96-aec1-25e107f2c833","dialogueName":"","executed":true,"alternativePositions":[],"myIsOverlay":false,"myInteractionTypeId":"pon_re_optin_optout_responsive_2017","myPluginType":"ACTION","myPriority":{"myId":"24851d50-716e-4a13-af8b-2cf223a1d670","myName":"Medium","myIsDefault":true},"isLocalEditMode":false,"myRelatedItems":{}},{"id":"0c5cabf2-6604-4b2a-91ba-29dda5cf999d","name":"","parameters":[{"locale":"nl_NL","parameter":[{"id":"nr_interests_to_store","value":["3"]},{"id":"property","value":["[{\"profileproperty\":\"marktsegmenten\"}]"]},{"id":"decay","value":["150"]},{"id":"threshold","value":["2"]},{"id":"engagement_rules","value":["{\"rules\":[{\"identifier\":1425544420744,\"containsmatches\":\"contains\",\"ruletype\":\"interestcontent\",\"interests\":[\"A\"],\"points\":1,\"contentarea\":{\"selector\":\"pre_title\"},\"words\":[\"volkswagen up\",\"seat mii\",\"skoda citigo\"]},{\"identifier\":1425544643750,\"containsmatches\":\"contains\",\"ruletype\":\"interestcontent\",\"interests\":[\"B\"],\"points\":1,\"contentarea\":{\"selector\":\"pre_title\"},\"words\":[\"audi a1\",\"seat ibiza\",\"skoda fabia\",\"vw polo\",\"skoda roomster\",\"skoda yeti\"]},{\"identifier\":1425545149939,\"containsmatches\":\"contains\",\"ruletype\":\"interestcontent\",\"interests\":[\"C\"],\"points\":1,\"contentarea\":{\"selector\":\"pre_title\"},\"words\":[\"audi a3\",\"seat leon\",\"skoda rapid\",\"skoda octavia\",\"volkswagen golf\",\"volkswagen beetle\",\"seat toledo\",\"seat altea\",\"volkswagen touran\",\"volkswagen tiguan\"]},{\"identifier\":1425545390226,\"containsmatches\":\"contains\",\"ruletype\":\"interestcontent\",\"interests\":[\"D\"],\"points\":1,\"contentarea\":{\"selector\":\"pre_title\"},\"words\":[\"audi a4\",\"skoda superb\",\"volkswagen passat\",\"seat alhambra\",\"volkswagen sharan\",\"audi q5\",\"audi tt\",\"audi a5\",\"volkswagen caddy\"]},{\"identifier\":1425545524421,\"containsmatches\":\"contains\",\"ruletype\":\"interestcontent\",\"interests\":[\"E\"],\"points\":1,\"contentarea\":{\"selector\":\"pre_title\"},\"words\":[\"audi a6\",\"audi q7\",\"volkswagen touareg\",\"cayman\",\"audi a7\",\"boxster\"]},{\"identifier\":1425545616321,\"containsmatches\":\"contains\",\"ruletype\":\"interestcontent\",\"interests\":[\"F\"],\"points\":1,\"contentarea\":{\"selector\":\"pre_title\"},\"words\":[\"audi a8\",\"volkswagen phaeton\",\"panamera\",\"cayenne\",\"audi r8\",\"911\"]}]}"]},{"id":"interests","value":["{\"values\":[\"A\",\"B\",\"C\",\"D\",\"E\",\"F\",\"G\",\"H\",\"I\",\"J\",\"K\",\"L\",\"M\",\"N\",\"O\"]}"]}]}],"defaultLocale":"nl_NL","interactionType":{"myId":"engagement_interest_ranking","myType":"LISTENER"},"dialogueName":"","executed":true,"alternativePositions":[],"myIsOverlay":false,"myInteractionTypeId":"engagement_interest_ranking","myPluginType":"LISTENER","isLocalEditMode":false,"myRelatedItems":{}},{"id":"0b8db7e3-85de-4da8-8a90-86b0ce530947","name":"","parameters":[{"locale":"nl_NL","parameter":[{"id":"property","value":["[{\"profileproperty\":\"score\"}]"]},{"id":"decay","value":["150"]},{"id":"engagement_rules","value":["{\"rules\":[{\"identifier\":1424870777189,\"containsmatches\":\"contains\",\"ruletype\":\"scoreurl\",\"url\":\"or\",\"words\":[\".nl\",\".com\"],\"points\":1}]}"]}]}],"defaultLocale":"nl_NL","interactionType":{"myId":"engagement_score","myType":"LISTENER"},"dialogueName":"","executed":true,"alternativePositions":[],"myIsOverlay":false,"myInteractionTypeId":"engagement_score","myPluginType":"LISTENER","isLocalEditMode":false,"myRelatedItems":{}},{"id":"59a569a6-364e-4053-8c0d-50a129a6b44f","name":"","parameters":[{"locale":"nl_NL","parameter":[{"id":"nr_interests_to_store","value":["2"]},{"id":"property","value":["[{\"profileproperty\":\"carrosserievoorkeur\"}]"]},{"id":"decay","value":["150"]},{"id":"threshold","value":["2"]},{"id":"engagement_rules","value":["{\"rules\":[{\"identifier\":1424962279602,\"containsmatches\":\"contains\",\"ruletype\":\"interesturl\",\"interests\":[\"stationwagon\"],\"url\":\"or\",\"words\":[\"station\",\"golf-variant\",\"passat-variant\",\"fabia-combi\",\"spaceback\",\"octavia-combi\",\"superb-combi\"],\"points\":1},{\"identifier\":1424962350131,\"containsmatches\":\"contains\",\"ruletype\":\"interesturl\",\"interests\":[\"cabriolet\"],\"url\":\"or\",\"words\":[\"cabrio\",\"cabriolet\"],\"points\":1},{\"identifier\":1424962638727,\"containsmatches\":\"contains\",\"ruletype\":\"interesturl\",\"interests\":[\"suv\"],\"url\":\"or\",\"words\":[\"suv\",\"tiguan\",\"touareg\"],\"points\":1},{\"identifier\":1424962651216,\"containsmatches\":\"contains\",\"ruletype\":\"interesturl\",\"interests\":[\"mpv\"],\"url\":\"or\",\"words\":[\"mpv\",\"touran\",\"sharan\",\"sportsvan\"],\"points\":1},{\"identifier\":1424962691307,\"containsmatches\":\"contains\",\"ruletype\":\"interesturl\",\"interests\":[\"hatchback\"],\"url\":\"or\",\"words\":[\"hatchback\",\"citigo\",\"polo\",\"/up\",\"beetle\",\"mii\"],\"points\":1},{\"identifier\":1424962695833,\"containsmatches\":\"contains\",\"ruletype\":\"interesturl\",\"interests\":[\"sedan\"],\"url\":\"or\",\"words\":[\"sedan\",\"phaeton\",\"passat\",\"toledo\"],\"points\":1}]}"]},{"id":"interests","value":["{\"values\":[\"cabriolet\",\"hatchback\",\"mpv\",\"sedan\",\"stationwagon\",\"suv\"]}"]}]}],"defaultLocale":"nl_NL","interactionType":{"myId":"engagement_interest_ranking","myType":"LISTENER"},"dialogueName":"","executed":true,"alternativePositions":[],"myIsOverlay":false,"myInteractionTypeId":"engagement_interest_ranking","myPluginType":"LISTENER","isLocalEditMode":false,"myRelatedItems":{}},{"id":"220d2533-0954-48a2-bd75-b8060d13776c","name":"","parameters":[{"locale":"nl_NL","parameter":[{"id":"listener_rules","value":["{\"rules\":[{\"identifier\":1424877653916,\"addset\":\"set\",\"containsmatches\":\"contains\",\"profileproperty\":[{\"profileproperty\":\"klanttype\"}],\"ruletype\":\"scoreurl\",\"url\":\"url\",\"values\":[\"particulier\"],\"words\":[\"particulier\",\"prive\"]},{\"identifier\":1424877702100,\"addset\":\"set\",\"containsmatches\":\"contains\",\"profileproperty\":[{\"profileproperty\":\"klanttype\"}],\"ruletype\":\"scoreurl\",\"url\":\"url\",\"values\":[\"zakelijk\"],\"words\":[\"zakelijk\",\"fleetwise\"]}]}"]}]}],"defaultLocale":"nl_NL","interactionType":{"myId":"enrichprofilebyvisitorbehavior","myType":"LISTENER"},"dialogueName":"","executed":true,"alternativePositions":[],"myIsOverlay":false,"myInteractionTypeId":"enrichprofilebyvisitorbehavior","myPluginType":"LISTENER","isLocalEditMode":false,"myRelatedItems":{}},{"id":"dca524b7-8a33-4b8f-9738-dcbdb46267e9","name":"","parameters":[{"locale":"nl_NL","parameter":[{"id":"nr_interests_to_store","value":["3"]},{"id":"property","value":["[{\"profileproperty\":\"interessein\"}]"]},{"id":"decay","value":["150"]},{"id":"threshold","value":["2"]},{"id":"engagement_rules","value":["{\"rules\":[{\"identifier\":1424877530592,\"containsmatches\":\"contains\",\"ruletype\":\"interesturl\",\"interests\":[\"pre_any\"],\"url\":\"or\",\"words\":[],\"points\":1},{\"identifier\":1424877551607,\"containsmatches\":\"contains\",\"ruletype\":\"interesturl\",\"interests\":[\"nieuw model\"],\"url\":\"or\",\"words\":[\"modellen\"],\"points\":1},{\"identifier\":1424877566110,\"containsmatches\":\"contains\",\"ruletype\":\"interesturl\",\"interests\":[\"financiele diensten\"],\"url\":\"or\",\"words\":[\"financieel\"],\"points\":1},{\"identifier\":1424877925774,\"containsmatches\":\"contains\",\"ruletype\":\"interesturl\",\"interests\":[\"webshop\"],\"url\":\"or\",\"words\":[\"store\",\"shop.volkswagen.nl\",\"shop.audi.nl\"],\"points\":1}]}"]},{"id":"interests","value":["{\"values\":[\"nieuw model\",\"occasions\",\"service\",\"accessoires\",\"webshop\",\"financiele diensten\",\"dealers\"]}"]}]}],"defaultLocale":"nl_NL","interactionType":{"myId":"engagement_interest_ranking","myType":"LISTENER"},"dialogueName":"","executed":true,"alternativePositions":[],"myIsOverlay":false,"myInteractionTypeId":"engagement_interest_ranking","myPluginType":"LISTENER","isLocalEditMode":false,"myRelatedItems":{}},{"id":"b7333873-57af-4cbe-b4ec-f93df3ce040e","name":"","parameters":[{"locale":"nl_NL","parameter":[{"id":"form_listener_rules","value":["{\"rules\":[{\"identifier\":1425049976244,\"addset\":\"add\",\"valuetext\":\"value\",\"formfield\":{\"name\":\"\",\"selector\":\"input[name\u003d\u0027search_query\u0027]\",\"previewUrl\":\"http://www.volkswagen.nl/\"},\"profileproperty\":[{\"profileproperty\":\"internekeywords\"}],\"action\":{\"type\":\"surrounding\",\"name\":\"\",\"selector\":\"\"},\"converter\":{\"type\":\"none\",\"mappings\":[]}},{\"identifier\":1425050161769,\"addset\":\"add\",\"valuetext\":\"value\",\"formfield\":{\"name\":\"\",\"selector\":\"input[name\u003d\u0027ctl04$inputSearch\u0027]\"},\"profileproperty\":[{\"profileproperty\":\"internekeywords\"}],\"action\":{\"type\":\"surrounding\",\"name\":\"\",\"selector\":\"\"},\"converter\":{\"type\":\"none\",\"mappings\":[]}},{\"identifier\":1425050275982,\"addset\":\"add\",\"valuetext\":\"value\",\"formfield\":{\"name\":\"\",\"selector\":\"input[name\u003d\u0027q\u0027]\"},\"profileproperty\":[{\"profileproperty\":\"internekeywords\"}],\"action\":{\"type\":\"surrounding\",\"name\":\"\",\"selector\":\"\"},\"converter\":{\"type\":\"none\",\"mappings\":[]}}]}"]}]}],"defaultLocale":"nl_NL","interactionType":{"myId":"enrichprofilewithvisitorinput","myType":"LISTENER"},"dialogueName":"","executed":true,"alternativePositions":[],"myIsOverlay":false,"myInteractionTypeId":"enrichprofilewithvisitorinput","myPluginType":"LISTENER","isLocalEditMode":false,"myRelatedItems":{}},{"id":"dbed016c-cb35-4710-8953-f7be9e235a4f","name":"","parameters":[{"locale":"nl_NL","parameter":[{"id":"nr_interests_to_store","value":["3"]},{"id":"property","value":["[{\"profileproperty\":\"merkvoorkeur\"}]"]},{"id":"decay","value":["150"]},{"id":"threshold","value":["2"]},{"id":"engagement_rules","value":["{\"rules\":[{\"identifier\":1424874612256,\"containsmatches\":\"contains\",\"ruletype\":\"interesturl\",\"interests\":[\"pre_any\"],\"url\":\"or\",\"words\":[],\"points\":1}]}"]},{"id":"interests","value":["{\"values\":[\"audi\",\"skoda\",\"volkswagen\",\"seat\",\"porsche\"]}"]}]}],"defaultLocale":"nl_NL","interactionType":{"myId":"engagement_interest_ranking","myType":"LISTENER"},"dialogueName":"","executed":true,"alternativePositions":[],"myIsOverlay":false,"myInteractionTypeId":"engagement_interest_ranking","myPluginType":"LISTENER","isLocalEditMode":false,"myRelatedItems":{}}],"interactionnames":[],"profileid":"ce839f47-2a44-4a42-bf19-0a112c059fee","templatesversion":"f34015c8b4d93a25385a8b30ae1e2cca","objectives":[],"pluginversion":"0e8ab905160af02e864f16a46b974de2","channelId":"d8570246-f93b-467b-a03a-db3dbc602df0","connections":[],"legislation":"GDPR"},"profileId":"ce839f47-2a44-4a42-bf19-0a112c059fee","id":"1554199683041","error":""}]